yandex.ru,5.255.255.70,TODO
yandex.ru,77.88.55.60,TODO
yandex.ru,5.255.255.77,TODO
yandex.ru,77.88.55.88,TODO
www.gismeteo.ru,185.134.203.243,TODO
www.gismeteo.ru,185.134.201.5,TODO
www.gismeteo.ru,185.134.203.108,TODO
www.gismeteo.ru,185.134.201.6,TODO
www.gismeteo.ru,185.134.203.107,TODO
www.gismeteo.ru,185.134.203.245,TODO
www.gismeteo.ru,185.134.202.21,TODO
www.gismeteo.ru,185.134.202.22,TODO
play.google.com,142.250.191.142,TODO
vk.com,87.240.132.67,TODO
vk.com,87.240.132.72,TODO
vk.com,93.186.225.194,TODO
vk.com,87.240.137.164,TODO
vk.com,87.240.129.133,TODO
vk.com,87.240.132.78,TODO
gdz.fm,104.26.10.29,TODO
gdz.fm,172.67.71.76,TODO
gdz.fm,104.26.11.29,TODO
m.vk.com,93.186.225.194,TODO
m.vk.com,87.240.132.72,TODO
m.vk.com,87.240.129.133,TODO
m.vk.com,87.240.132.67,TODO
m.vk.com,87.240.132.78,TODO
m.vk.com,87.240.137.164,TODO
reshak.ru,104.26.12.98,TODO
reshak.ru,104.26.13.98,TODO
reshak.ru,172.67.68.154,TODO
www.euroki.org,104.26.7.72,TODO
www.euroki.org,104.26.6.72,TODO
www.euroki.org,172.67.69.139,TODO
gdz.ru,104.22.76.173,TODO
gdz.ru,172.67.11.130,TODO
gdz.ru,104.22.77.173,TODO
gdzbezmoroki.com,172.67.161.13,TODO
gdzbezmoroki.com,104.21.15.24,TODO
xn--c1acj.xn--p1ai,104.26.7.157,TODO
xn--c1acj.xn--p1ai,104.26.6.157,TODO
xn--c1acj.xn--p1ai,172.67.73.119,TODO
megashpora.com,172.67.187.26,TODO
megashpora.com,104.21.80.196,TODO
reshebnik.com,172.67.151.124,TODO
reshebnik.com,104.21.0.244,TODO
gdz.ltd,172.67.196.117,TODO
gdz.ltd,104.21.36.153,TODO
gdz.pub,104.21.37.4,TODO
gdz.pub,172.67.201.253,TODO
megaresheba.ru,104.22.34.198,TODO
megaresheba.ru,104.22.35.198,TODO
megaresheba.ru,172.67.24.70,TODO
twitter.com,104.244.42.193,TODO
ru.wikipedia.org,208.80.154.224,TODO
pomogalka.me,104.21.73.183,TODO
pomogalka.me,172.67.165.63,TODO
gdz-putina.info,172.67.68.166,TODO
gdz-putina.info,104.26.5.195,TODO
gdz-putina.info,104.26.4.195,TODO
twitter.com,104.244.42.65,TODO
reshutka.ru,172.67.72.19,TODO
reshutka.ru,104.26.3.234,TODO
reshutka.ru,104.26.2.234,TODO
apps.apple.com,23.203.116.24,TODO
translate.google.com,142.250.191.142,TODO
www.deepl.com,172.65.229.194,TODO
www.reverso.net,137.74.102.128,TODO
www.translate.ru,141.95.147.42,TODO
www.ozon.ru,162.159.140.11,TODO
www.ozon.ru,172.66.0.11,TODO
chrome.google.com,142.250.191.142,TODO
support.google.com,142.251.32.14,TODO
www.youtube.com,142.250.191.110,TODO
www.youtube.com,142.250.190.142,TODO
www.youtube.com,142.250.191.174,TODO
www.youtube.com,142.250.191.206,TODO
www.youtube.com,142.250.191.238,TODO
www.youtube.com,142.251.32.14,TODO
www.youtube.com,142.250.191.142,TODO
www.youtube.com,172.217.0.174,TODO
www.youtube.com,172.217.1.110,TODO
www.youtube.com,172.217.2.46,TODO
www.youtube.com,172.217.4.206,TODO
www.youtube.com,172.217.5.14,TODO
www.youtube.com,142.250.190.14,TODO
www.youtube.com,142.250.190.46,TODO
www.youtube.com,142.250.190.78,TODO
www.youtube.com,142.250.190.110,TODO
ru.pons.com,51.68.180.201,TODO
ru.pons.com,138.201.178.180,TODO
dictionary.cambridge.org,54.174.181.241,TODO
web.vk.me,87.240.132.78,TODO
web.vk.me,87.240.137.164,TODO
web.vk.me,87.240.129.133,TODO
web.vk.me,87.240.132.72,TODO
web.vk.me,93.186.225.194,TODO
web.vk.me,87.240.132.67,TODO
habr.com,178.248.237.68,TODO
www.babla.ru,172.67.73.218,TODO
www.babla.ru,104.26.4.123,TODO
www.babla.ru,104.26.5.123,TODO
www.microsoft.com,23.32.189.216,TODO
mcs.mail.ru,95.163.254.197,TODO
mcs.mail.ru,95.163.254.195,TODO
mcs.mail.ru,95.163.254.196,TODO
mcs.mail.ru,95.163.254.193,TODO
mcs.mail.ru,95.163.254.192,TODO
mcs.mail.ru,95.163.254.194,TODO
vk.mail.ru,94.100.180.216,TODO
vk.mail.ru,217.69.139.216,TODO
vk.mail.ru,94.100.180.215,TODO
vk.mail.ru,217.69.139.215,TODO
www.microsoft.com,23.203.117.159,TODO
www.m.vk.ru,93.186.225.194,TODO
www.m.vk.ru,87.240.129.133,TODO
www.m.vk.ru,87.240.132.78,TODO
www.m.vk.ru,87.240.132.67,TODO
www.m.vk.ru,87.240.132.72,TODO
www.m.vk.ru,87.240.137.164,TODO
bcs-express.ru,91.206.127.208,TODO
translate.yandex.ru,213.180.204.193,TODO
developers.google.com,142.250.190.142,TODO
iz.ru,185.178.208.4,TODO
www.tinkoff.ru,178.248.236.218,TODO
about.youtube,216.239.32.29,TODO
www.youtubekids.com,142.250.191.110,TODO
www.youtubekids.com,142.250.190.142,TODO
www.youtubekids.com,142.250.191.174,TODO
www.youtubekids.com,142.250.191.206,TODO
www.youtubekids.com,142.250.191.238,TODO
www.youtubekids.com,142.251.32.14,TODO
www.youtubekids.com,142.250.191.142,TODO
www.youtubekids.com,172.217.0.174,TODO
www.youtubekids.com,172.217.1.110,TODO
www.youtubekids.com,172.217.2.46,TODO
www.youtubekids.com,172.217.4.206,TODO
www.youtubekids.com,172.217.5.14,TODO
www.youtubekids.com,142.250.190.14,TODO
www.youtubekids.com,142.250.190.46,TODO
www.youtubekids.com,142.250.190.78,TODO
www.youtubekids.com,142.250.190.110,TODO
pikabu.ru,185.178.210.201,TODO
cloud.vkplay.ru,195.211.131.161,TODO
cloud.vkplay.ru,195.211.131.162,TODO
www.iphones.ru,104.21.62.193,TODO
www.iphones.ru,172.67.138.170,TODO
blog.youtube,216.239.36.21,TODO
blog.youtube,216.239.32.21,TODO
blog.youtube,216.239.34.21,TODO
blog.youtube,216.239.38.21,TODO
vkcombo.ru,5.61.236.125,TODO
team.vk.company,5.61.236.75,TODO
www.instagram.com,157.240.254.174,TODO
vc.ru,172.67.151.169,TODO
vc.ru,104.21.40.127,TODO
twitter.com,104.244.42.129,TODO
twitter.com,104.244.42.1,TODO
2gis.ru,91.236.51.153,TODO
t.me,149.154.167.99,TODO
resh.skysmart.ru,213.232.251.131,TODO
resh.skysmart.ru,213.232.251.132,TODO
resh.skysmart.ru,85.119.149.50,TODO
resh.skysmart.ru,85.119.149.68,TODO
www.dek.ru,94.139.254.216,TODO
hh.ru,94.124.200.0,TODO
play.google.com,142.250.123.102,TODO
play.google.com,142.250.123.100,TODO
play.google.com,142.250.123.138,TODO
play.google.com,142.250.123.101,TODO
play.google.com,142.250.123.139,TODO
play.google.com,142.250.123.113,TODO
play.google.com,142.251.176.113,TODO
play.google.com,142.251.176.102,TODO
play.google.com,142.251.176.138,TODO
play.google.com,142.251.176.139,TODO
play.google.com,142.251.176.100,TODO
play.google.com,142.251.176.101,TODO
play.google.com,142.251.177.138,TODO
play.google.com,142.251.177.102,TODO
play.google.com,142.251.177.100,TODO
play.google.com,142.251.177.101,TODO
play.google.com,142.251.177.113,TODO
play.google.com,142.251.177.139,TODO
market.yandex.ru,87.250.250.22,TODO
ria.ru,178.248.234.228,TODO
otzovik.com,5.189.239.58,TODO
www.1tv.ru,178.248.233.188,TODO
www.avito.ru,146.158.48.24,TODO
www.avito.ru,146.158.52.24,TODO
www.avito.ru,146.158.54.24,TODO
incrussia.ru,84.201.146.147,TODO
ok.ru,5.61.23.11,TODO
ok.ru,217.20.155.13,TODO
ok.ru,217.20.147.1,TODO
manifesto.avito.com,185.215.4.27,TODO
avito.tech,185.165.123.36,TODO
translate.google.com,142.251.166.101,TODO
translate.google.com,142.251.166.102,TODO
translate.google.com,142.251.166.139,TODO
translate.google.com,142.251.166.138,TODO
translate.google.com,142.251.166.113,TODO
translate.google.com,142.251.166.100,TODO
www.facebook.com,157.240.254.35,TODO
www.kinopoisk.ru,213.180.199.9,TODO
chrome.google.com,142.251.177.113,TODO
chrome.google.com,142.251.177.101,TODO
chrome.google.com,142.251.177.139,TODO
chrome.google.com,142.251.177.100,TODO
chrome.google.com,142.251.177.102,TODO
chrome.google.com,142.251.177.138,TODO
www.native-english.ru,92.53.115.89,TODO
www.youtube.com,142.251.40.110,TODO
www.youtube.com,142.250.65.174,TODO
www.youtube.com,142.251.40.238,TODO
www.youtube.com,142.251.41.14,TODO
www.youtube.com,142.251.40.206,TODO
www.youtube.com,142.250.80.78,TODO
www.youtube.com,142.251.32.110,TODO
www.youtube.com,142.250.65.238,TODO
www.youtube.com,142.250.72.110,TODO
www.youtube.com,142.250.80.110,TODO
www.youtube.com,142.250.65.206,TODO
www.youtube.com,142.250.176.206,TODO
www.youtube.com,142.250.80.46,TODO
www.youtube.com,142.251.35.174,TODO
www.youtube.com,172.217.165.142,TODO
www.youtube.com,142.250.81.238,TODO
support.google.com,142.251.4.139,TODO
support.google.com,142.251.4.101,TODO
support.google.com,142.251.4.102,TODO
support.google.com,142.251.4.100,TODO
support.google.com,142.251.4.113,TODO
support.google.com,142.251.4.138,TODO
www.instagram.com,157.240.249.174,TODO
career.habr.com,178.248.233.33,TODO
www.sravni.ru,104.18.25.181,TODO
www.sravni.ru,104.18.24.181,TODO
www.youtube.com,142.251.177.190,TODO
www.youtube.com,142.250.112.93,TODO
www.youtube.com,142.251.176.190,TODO
www.youtube.com,142.250.123.93,TODO
www.youtube.com,142.251.176.136,TODO
www.youtube.com,142.251.176.93,TODO
www.youtube.com,142.251.177.93,TODO
www.youtube.com,142.251.4.93,TODO
www.youtube.com,142.251.166.190,TODO
www.youtube.com,142.250.123.136,TODO
www.youtube.com,142.251.165.190,TODO
www.youtube.com,142.250.123.91,TODO
www.youtube.com,142.251.166.93,TODO
www.youtube.com,142.251.177.91,TODO
www.youtube.com,142.251.177.136,TODO
www.youtube.com,142.250.123.190,TODO
irecommend.ru,46.148.232.35,TODO
irecommend.ru,46.148.233.151,TODO
irecommend.ru,5.188.156.7,TODO
irecommend.ru,94.26.230.175,TODO
irecommend.ru,94.26.231.178,TODO
irecommend.ru,94.26.231.30,TODO
irecommend.ru,84.38.186.169,TODO
www.dns-shop.ru,185.65.148.196,TODO
www.youtube.com,142.250.111.91,TODO
www.youtube.com,142.251.166.91,TODO
www.youtube.com,142.251.4.136,TODO
www.youtube.com,142.251.4.91,TODO
www.youtube.com,142.250.112.136,TODO
www.youtube.com,142.251.165.91,TODO
www.youtube.com,142.250.111.136,TODO
www.youtube.com,142.250.112.91,TODO
www.vl.ru,195.88.225.203,TODO
www.youtubekids.com,142.250.123.93,TODO
www.youtubekids.com,142.251.176.136,TODO
www.youtubekids.com,142.251.166.190,TODO
www.youtubekids.com,142.251.166.93,TODO
www.youtubekids.com,142.251.4.136,TODO
www.youtubekids.com,142.251.4.91,TODO
www.youtubekids.com,142.251.4.190,TODO
www.youtubekids.com,142.251.177.93,TODO
www.youtubekids.com,142.250.123.190,TODO
www.youtubekids.com,142.251.177.190,TODO
www.youtubekids.com,142.251.177.91,TODO
www.youtubekids.com,142.250.112.91,TODO
www.youtubekids.com,142.251.176.190,TODO
www.youtubekids.com,142.251.176.91,TODO
www.youtubekids.com,142.251.177.136,TODO
www.youtubekids.com,142.251.165.93,TODO
www.retail.ru,185.12.155.181,TODO
www.odnoklassniki.ru,5.61.23.11,TODO
www.odnoklassniki.ru,217.20.147.1,TODO
www.odnoklassniki.ru,217.20.155.13,TODO
developers.google.com,142.251.177.100,TODO
developers.google.com,142.251.177.113,TODO
developers.google.com,142.251.177.102,TODO
developers.google.com,142.251.177.101,TODO
developers.google.com,142.251.177.138,TODO
developers.google.com,142.251.177.139,TODO
ok.me,5.61.23.4,TODO
ok.me,217.20.156.11,TODO
ok.me,217.20.155.6,TODO
www.yell.ru,104.26.11.191,TODO
www.yell.ru,104.26.10.191,TODO
www.yell.ru,172.67.75.252,TODO
www.insales.ru,185.65.149.70,TODO
dnevnik.ru,178.248.232.13,TODO
nsk.zoon.ru,31.184.217.177,TODO
ozon.tech,185.73.195.78,TODO
ozon.tech,185.73.195.77,TODO
ozon.tech,185.73.195.84,TODO
ozon.tech,185.73.195.85,TODO
ozon.tech,185.73.195.64,TODO
ozon.tech,185.73.195.79,TODO
help-ru.tilda.cc,193.3.17.234,TODO
help-ru.tilda.cc,5.181.161.234,TODO
www.wildberries.ru,185.138.252.1,TODO
www.wildberries.ru,185.138.253.1,TODO
www.wildberries.ru,185.138.255.1,TODO
30astr-s24.edusite.ru,85.193.69.29,TODO
30astr-s24.edusite.ru,85.193.69.32,TODO
centergoroda.com,91.218.230.66,TODO
znanierussia.ru,185.65.150.53,TODO
apiok.ru,217.20.149.108,TODO
apiok.ru,217.20.144.164,TODO
insideok.ru,81.163.21.113,TODO
www.dk.ru,89.108.123.186,TODO
www.rbc.ru,178.248.234.119,TODO
www.dnsgroup.ru,5.8.69.40,TODO
halvacard.ru,78.155.198.120,TODO
www.prozapass.ru,5.8.69.41,TODO
online.sberbank.ru,194.54.14.131,TODO
www.sberbank.ru,194.54.14.168,TODO
wildberries.eu,185.138.252.40,TODO
wildberries.eu,185.138.253.40,TODO
www.sberbank.com,194.54.14.168,TODO
apps.rustore.ru,5.61.236.232,TODO
ozon.by,185.99.142.185,TODO
ozon.by,185.99.142.184,TODO
www.youtube.com,142.251.176.91,TODO
dnsdevelopment.ru,195.239.80.212,TODO
help.reg.ru,194.67.72.32,TODO
trashbox.ru,5.53.121.218,TODO
sankt-peterburg.kitabi.ru,81.16.141.119,TODO
www.youtube.com,142.251.166.136,TODO
mathsolver.microsoft.com,13.107.6.158,TODO
www.desmos.com,18.160.249.31,TODO
www.desmos.com,18.160.249.73,TODO
www.desmos.com,18.160.249.27,TODO
www.desmos.com,18.160.249.89,TODO
www.banki.ru,185.71.67.241,TODO
bankiros.ru,172.67.154.12,TODO
bankiros.ru,104.21.4.62,TODO
sberbank-onlayn.softonic.ru,34.110.153.8,TODO
apps.sber.ru,95.181.181.241,TODO
www.citilink.ru,178.248.234.66,TODO
www.cnews.ru,89.108.90.34,TODO
www.eldorado.ru,185.71.67.56,TODO
okcalc.com,87.236.16.153,TODO
web2.0calc.ru,168.119.251.111,TODO
web2.0calc.ru,49.13.12.137,TODO
www.facebook.com,157.240.249.35,TODO
www.sber-bank.by,87.252.232.143,TODO
www.wildberries.by,185.138.253.2,TODO
www.wildberries.by,185.138.252.2,TODO
fincult.info,185.129.103.107,TODO
www.bequiet.com,188.40.172.238,TODO
calculators-online.ru,172.67.181.106,TODO
calculators-online.ru,104.21.51.145,TODO
calculator888.ru,185.178.208.163,TODO
books.google.ru,142.250.190.110,TODO
rb.ru,104.21.234.198,TODO
rb.ru,104.21.234.199,TODO
tv.yandex.ru,87.250.254.111,TODO
4pda.to,104.22.34.226,TODO
4pda.to,104.22.35.226,TODO
4pda.to,172.67.6.182,TODO
www.officemag.ru,185.30.19.11,TODO
www.officemag.ru,46.46.139.139,TODO
fincalculator.ru,194.1.239.39,TODO
adindex.ru,31.172.134.5,TODO
calculator.ozon.ru,162.159.140.11,TODO
calculator.ozon.ru,172.66.0.11,TODO
domclick.ru,178.248.234.210,TODO
programma-peredach.com,81.163.21.162,TODO
federal.tv,172.67.69.16,TODO
federal.tv,104.26.13.71,TODO
federal.tv,104.26.12.71,TODO
www.dvhab.ru,195.88.225.205,TODO
ntvplus.tv,178.248.238.190,TODO
vk.me,87.240.137.164,TODO
vk.me,87.240.132.67,TODO
vk.me,87.240.132.72,TODO
vk.me,87.240.129.133,TODO
vk.me,87.240.132.78,TODO
vk.me,93.186.225.194,TODO
www.tvc.ru,178.248.233.127,TODO
vk.company,5.61.236.75,TODO
www.comboplayer.ru,188.130.153.36,TODO
www.comboplayer.ru,188.130.153.37,TODO
tv.mail.ru,5.61.236.95,TODO
www.glaz.tv,104.21.234.196,TODO
www.glaz.tv,104.21.234.197,TODO
www.kino-teatr.ru,178.218.216.42,TODO
www.forbes.ru,178.248.232.187,TODO
whoiswho.dp.ru,185.178.208.14,TODO
www.culture.ru,212.164.140.23,TODO
www.culture.ru,212.164.140.13,TODO
24smi.org,104.22.32.210,TODO
24smi.org,104.22.33.210,TODO
24smi.org,172.67.12.90,TODO
kino.mail.ru,5.61.236.95,TODO
telik.top,92.42.14.170,TODO
telik.top,92.42.14.168,TODO
www.ivi.ru,80.67.43.65,TODO
www.ivi.ru,80.67.43.1,TODO
www.ivi.ru,80.67.43.33,TODO
trk.mail.ru,95.163.41.56,TODO
ntvplus.ru,178.248.238.170,TODO
tass.ru,185.71.67.4,TODO
ctc.ru,185.71.67.105,TODO
tv.starhit.ru,195.19.220.30,TODO
www.film.ru,82.202.230.56,TODO
www.film.ru,82.202.230.55,TODO
rutube.ru,178.248.233.148,TODO
www.kp.ru,95.181.181.82,TODO
2090000.ru,109.238.88.144,TODO
segodnya.tv,178.218.212.21,TODO
www.consultant.ru,194.105.131.45,TODO
www.consultant.ru,194.105.131.44,TODO
www.mos.ru,212.11.151.58,TODO
uznayvse.ru,152.89.217.40,TODO
uznayvse.ru,152.89.217.46,TODO
www.afisha.ru,81.19.92.85,TODO
www.afisha.ru,81.19.92.84,TODO
www.afisha.ru,81.19.92.86,TODO
its.1c.ru,185.12.155.120,TODO
www.superjob.ru,185.71.67.17,TODO
www.filmpro.ru,80.247.33.214,TODO
buh.ru,185.12.154.76,TODO
spb.hse.ru,178.248.234.104,TODO
school.kontur.ru,46.17.203.72,TODO
duma.gov.ru,95.173.130.42,TODO
duma.gov.ru,95.173.130.41,TODO
www.kontur-extern.ru,46.17.203.154,TODO
secrets.tinkoff.ru,178.248.239.60,TODO
www.garant.ru,185.178.208.73,TODO
tv.cmlt.tv,193.104.241.11,TODO
world-weather.ru,185.178.209.20,TODO
mail.yandex.ru,77.88.21.37,TODO
ya.ru,77.88.55.242,TODO
ya.ru,5.255.255.242,TODO
music.yandex.ru,213.180.204.186,TODO
www.pogoda.com,104.18.110.237,TODO
www.pogoda.com,104.18.109.237,TODO
dzen.ru,62.217.160.2,TODO
browser.yandex.ru,93.158.134.121,TODO
allo.tochka.com,185.165.123.235,TODO
tv3.ru,194.190.77.87,TODO
www.vedomosti.ru,185.65.148.33,TODO
3dnews.ru,91.210.107.31,TODO
hr.hse.ru,178.248.234.104,TODO
www.mos.ru,212.11.151.57,TODO
lenta.ru,81.19.72.34,TODO
lenta.ru,81.19.72.32,TODO
lenta.ru,81.19.72.33,TODO
news.mail.ru,5.61.236.237,TODO
www.interfax.ru,178.248.233.231,TODO
www.gazeta.ru,81.19.72.1,TODO
www.gazeta.ru,81.19.72.2,TODO
www.gazeta.ru,81.19.72.0,TODO
mtsz.tatarstan.ru,85.233.75.12,TODO
www.kommersant.ru,178.248.238.19,TODO
pogoda.mail.ru,5.61.236.133,TODO
weather.rambler.ru,81.19.82.37,TODO
weather.rambler.ru,81.19.82.38,TODO
weather.rambler.ru,81.19.82.36,TODO
news.google.com,142.250.191.142,TODO
meduza.io,104.18.1.79,TODO
meduza.io,104.18.0.79,TODO
meteoinfo.ru,193.7.160.228,TODO
regnum.ru,95.181.181.56,TODO
go.yandex,87.250.251.249,TODO
www.finam.ru,91.206.127.197,TODO
www.lokovolley.com,194.58.111.13,TODO
rtvi.com,185.129.103.126,TODO
www.rg.ru,185.65.148.114,TODO
sgo.cit73.ru,89.239.142.148,TODO
www.sgo41.ru,212.164.137.112,TODO
sgo.rso23.ru,5.143.232.34,TODO
net-school.cap.ru,195.2.214.94,TODO
teatrarmii.ru,91.218.228.174,TODO
sgo.tvobr.ru,80.246.95.204,TODO
netcity.admsakhalin.ru,178.57.197.37,TODO
sgo.volganet.ru,82.202.190.42,TODO
sgo.yanao.ru,91.242.171.7,TODO
region.zabedu.ru,95.189.97.11,TODO
sgo.edu-74.ru,178.46.133.231,TODO
sgo.egov66.ru,185.68.101.41,TODO
netschool.edu22.info,190.115.31.63,TODO
sgo.mari-el.gov.ru,194.226.88.26,TODO
books.google.ru,142.251.166.138,TODO
books.google.ru,142.251.166.139,TODO
books.google.ru,142.251.166.102,TODO
books.google.ru,142.251.166.101,TODO
books.google.ru,142.251.166.113,TODO
books.google.ru,142.251.166.100,TODO
www.gosuslugi.ru,213.59.254.7,TODO
books.google.ru,142.250.112.139,TODO
books.google.ru,142.250.112.138,TODO
books.google.ru,142.250.112.113,TODO
books.google.ru,142.250.112.102,TODO
books.google.ru,142.250.112.101,TODO
books.google.ru,142.250.112.100,TODO
sgo.edu71.ru,95.173.157.82,TODO
sgo.e-mordovia.ru,91.221.0.177,TODO
giseo.rkomi.ru,91.227.95.98,TODO
www.mos.ru,94.79.51.12,TODO
edu.admoblkaluga.ru,178.176.229.208,TODO
schoolroo.ru,188.234.234.88,TODO
schoolroo.ru,94.230.136.183,TODO
sgo.e-yakutia.ru,91.201.237.93,TODO
uslugi.tatarstan.ru,85.233.75.14,TODO
uslugi.admtyumen.ru,109.233.227.40,TODO
mintrud.gov.ru,95.173.157.45,TODO
sgo.prim-edu.ru,193.143.92.115,TODO
www.mos.ru,94.79.51.13,TODO
gosuslugi41.ru,212.164.137.112,TODO
www.gosuslugi71.ru,95.173.157.82,TODO
gosuslugi.pnzreg.ru,91.215.42.81,TODO
gu.spb.ru,46.243.177.103,TODO
gu.spb.ru,46.243.177.102,TODO
cabinet.ruobr.ru,81.177.97.27,TODO
uslugi.mosreg.ru,82.202.190.59,TODO
gosuslugi.bashkortostan.ru,185.235.72.106,TODO
gosuslugi.bashkortostan.ru,185.235.72.125,TODO
www.calc.ru,104.21.78.231,TODO
www.calc.ru,172.67.137.246,TODO
www.epravda.com.ua,130.211.41.16,TODO
rospatent.gov.ru,194.226.89.113,TODO
26gosuslugi.ru,95.173.149.135,TODO
www.vseinstrumenti.ru,172.64.152.81,TODO
www.vseinstrumenti.ru,104.18.35.175,TODO
schools48.ru,195.34.235.86,TODO
exprint.info,77.222.57.10,TODO
e-school.ryazangov.ru,185.71.67.179,TODO
autogrodno.by,95.217.40.155,TODO
dnevnik2.petersburgedu.ru,46.243.177.102,TODO
dnevnik2.petersburgedu.ru,46.243.177.103,TODO
edu.tatar.ru,85.233.75.10,TODO
edu.tatar.ru,85.233.75.11,TODO
cop.admhmao.ru,5.141.28.20,TODO
instagro.ru,31.31.196.104,TODO
mundfish.com,104.26.12.228,TODO
mundfish.com,172.67.75.53,TODO
mundfish.com,104.26.13.228,TODO
store.steampowered.com,23.203.116.117,TODO
one.pskovedu.ru,213.145.5.35,TODO
en.wikipedia.org,208.80.154.224,TODO
chat.openai.com,104.18.37.228,TODO
chat.openai.com,172.64.150.28,TODO
talkai.info,195.123.209.74,TODO
sendpulse.com,3.77.105.15,TODO
journal.tinkoff.ru,178.248.232.177,TODO
pr-cy.ru,93.171.200.49,TODO
schooln169.edusite.ru,85.193.69.32,TODO
schooln169.edusite.ru,85.193.69.29,TODO
sendpulse.com,52.29.231.158,TODO
gptgo.ai,104.18.32.36,TODO
gptgo.ai,172.64.155.220,TODO
atomicheart.vkplay.ru,178.22.88.2,TODO
flowwow.com,185.165.123.207,TODO
trychatgpt.ru,185.215.4.41,TODO
tsvetomania.ru,172.66.42.242,TODO
tsvetomania.ru,172.66.41.14,TODO
cvetov.ru,185.175.47.159,TODO
gpt-chatbot.ru,51.68.29.37,TODO
cvetovik.com,104.26.15.115,TODO
cvetovik.com,172.67.71.21,TODO
cvetovik.com,104.26.14.115,TODO
edupk.ru,185.105.109.5,TODO
trends.rbc.ru,80.68.253.7,TODO
trends.rbc.ru,185.72.229.7,TODO
chatgptbot.ru,185.26.122.44,TODO
mybloom.ru,82.202.172.225,TODO
chadgpt.ru,185.215.4.28,TODO
chat-gpt.ru,92.53.96.101,TODO
kzgdz.com,185.182.111.72,TODO
school.vip.edu35.ru,95.53.248.203,TODO
xn----7sbbzcf1abmgo.xn--p1ai,85.193.85.21,TODO
resheba.top,185.178.208.187,TODO
shkola.obozrevatel.com,104.27.204.89,TODO
shkola.obozrevatel.com,104.27.203.89,TODO
gdz.red,89.108.93.146,TODO
magicalflower.ru,5.188.116.149,TODO
vshkole.com,5.45.75.20,TODO
9046065.ru,188.93.211.56,TODO
books.google.com,142.250.190.110,TODO
roza101.ru,87.236.16.99,TODO
flawery.ru,212.109.222.138,TODO
floralavka.ru,91.226.80.13,TODO
www.figma.com,18.172.134.97,TODO
www.figma.com,18.172.134.40,TODO
www.figma.com,18.172.134.119,TODO
www.figma.com,18.172.134.4,TODO
vk.cc,87.240.132.78,TODO
vk.cc,87.240.129.133,TODO
vk.cc,87.240.132.67,TODO
vk.cc,87.240.132.72,TODO
vk.cc,93.186.225.194,TODO
vk.cc,87.240.137.164,TODO
buketonline-msk.ru,77.222.62.84,TODO
ru.wiktionary.org,208.80.154.224,TODO
florcat.ru,92.53.99.183,TODO
rozavam.ru,82.202.173.51,TODO
www.bing.com,204.79.197.200,TODO
www.bing.com,13.107.21.200,TODO
translate.meta.ua,172.67.25.217,TODO
translate.meta.ua,104.22.65.144,TODO
translate.meta.ua,104.22.64.144,TODO
www.courts.state.md.us,170.99.221.36,TODO
lingvanex.com,172.66.40.153,TODO
lingvanex.com,172.66.43.103,TODO
www.politicalasylumusa.com,23.229.237.228,TODO
accounts.google.com,142.250.190.45,TODO
gdz.sub.uni-goettingen.de,134.76.18.25,TODO
m.vk.ru,87.240.132.78,TODO
m.vk.ru,87.240.132.67,TODO
m.vk.ru,93.186.225.194,TODO
m.vk.ru,87.240.129.133,TODO
m.vk.ru,87.240.132.72,TODO
m.vk.ru,87.240.137.164,TODO
www.crunchbase.com,104.22.62.68,TODO
www.crunchbase.com,172.67.41.8,TODO
www.crunchbase.com,104.22.63.68,TODO
www.prostocvet.ru,185.71.67.179,TODO
artists.youtube,216.239.32.29,TODO
venusinfleurs.ru,5.188.30.187,TODO
www.grand-kapriz.ru,185.65.148.57,TODO
www.bbc.com,151.101.0.81,TODO
www.bbc.com,151.101.64.81,TODO
www.bbc.com,151.101.128.81,TODO
www.bbc.com,151.101.192.81,TODO
www.nbcnews.com,23.38.77.13,TODO
career.avito.com,37.9.4.142,TODO
sinoptik.ua,212.42.76.150,TODO
mail.google.com,142.250.190.101,TODO
meteofor.com.ua,185.45.247.171,TODO
meteofor.com.ua,185.45.247.170,TODO
mail.ru,94.100.180.201,TODO
mail.ru,94.100.180.200,TODO
mail.ru,217.69.139.202,TODO
mail.ru,217.69.139.200,TODO
mail.yahoo.com,69.147.65.251,TODO
mail.yahoo.com,69.147.65.252,TODO
www.mail.com,74.208.232.20,TODO
meteo.ua,172.67.208.54,TODO
meteo.ua,104.21.45.29,TODO
mail.proton.me,185.70.42.37,TODO
mail.aol.com,69.147.65.252,TODO
mail.aol.com,69.147.65.251,TODO
www.youtube.com,142.251.165.136,TODO
weather.com,23.2.23.164,TODO
www.zoho.com,204.141.42.155,TODO
finance.yahoo.com,69.147.65.252,TODO
finance.yahoo.com,69.147.65.251,TODO
www.dailymail.co.uk,23.203.116.177,TODO
www.fastmail.com,141.193.213.21,TODO
www.fastmail.com,141.193.213.20,TODO
rg.ru,185.65.148.114,TODO
www.icloud.com,23.207.222.92,TODO
www.meteoservice.ru,62.109.30.40,TODO
www.sec.gov,23.64.248.122,TODO
www.imdb.com,52.85.74.75,TODO
mailchimp.com,23.50.32.106,TODO
ru.meteotrend.com,62.152.56.164,TODO
www.icloud.com,23.218.0.226,TODO
www.mail-tester.com,94.23.206.89,TODO
www.golosameriki.com,23.218.2.98,TODO
ru.investing.com,172.64.155.105,TODO
ru.investing.com,104.18.32.151,TODO
en.ozonweb.com,159.69.50.166,TODO
www.sberometer.ru,152.89.219.235,TODO
www.seonews.ru,178.20.235.166,TODO
quote.ru,185.72.229.10,TODO
quote.ru,80.68.253.10,TODO
myfin.by,95.130.85.164,TODO
finance.rambler.ru,81.19.82.105,TODO
finance.rambler.ru,81.19.82.106,TODO
finance.rambler.ru,81.19.82.104,TODO
minfin.com.ua,104.26.3.99,TODO
minfin.com.ua,104.26.2.99,TODO
minfin.com.ua,172.67.73.11,TODO
www.profinance.ru,81.177.34.158,TODO
quote.rbc.ru,80.68.253.10,TODO
quote.rbc.ru,185.72.229.10,TODO
news.google.com,142.251.176.113,TODO
news.google.com,142.251.176.100,TODO
news.google.com,142.251.176.139,TODO
news.google.com,142.251.176.138,TODO
news.google.com,142.251.176.102,TODO
news.google.com,142.251.176.101,TODO
1prime.ru,186.2.163.12,TODO
aws.amazon.com,18.160.215.237,TODO
3653.ru,185.114.246.197,TODO
cloud.google.com,172.217.1.110,TODO
www.cbr.ru,185.178.208.7,TODO
www.irs.gov,23.207.223.97,TODO
www.cloudflare.com,104.16.124.96,TODO
www.cloudflare.com,104.16.123.96,TODO
www.quad9.net,216.21.3.77,TODO
www.finmarket.ru,46.28.17.61,TODO
mxtoolbox.com,18.154.185.49,TODO
mxtoolbox.com,18.154.185.91,TODO
mxtoolbox.com,18.154.185.43,TODO
mxtoolbox.com,18.154.185.127,TODO
www.opendns.com,146.112.62.105,TODO
www.grc.com,4.79.142.202,TODO
dnsmadeeasy.com,52.206.163.162,TODO
dnsmadeeasy.com,34.234.52.18,TODO
dnsmadeeasy.com,3.233.126.24,TODO
www.dnsleaktest.com,23.239.16.110,TODO
www.whatsmydns.net,104.26.6.218,TODO
www.whatsmydns.net,104.26.7.218,TODO
www.whatsmydns.net,172.67.68.250,TODO
www.godaddy.com,23.218.6.83,TODO
www.ccacoalition.org,162.55.49.131,TODO
eservice.gu.spb.ru,46.243.177.102,TODO
eservice.gu.spb.ru,46.243.177.103,TODO
www.moex.com,85.118.181.8,TODO
school57.irk.ru,195.206.43.145,TODO
corp.ozon.com,185.73.195.78,TODO
corp.ozon.com,185.73.195.77,TODO
corp.ozon.com,185.73.195.64,TODO
corp.ozon.com,185.73.195.79,TODO
base.garant.ru,185.178.208.73,TODO
m.facebook.com,157.240.249.35,TODO
www.tiktok.com,23.33.22.74,TODO
www.tiktok.com,23.33.22.81,TODO
www.tiktok.com,23.33.22.75,TODO
www.tiktok.com,23.33.22.82,TODO
www.tiktok.com,23.33.22.80,TODO
www.tiktok.com,23.33.22.77,TODO
www.tiktok.com,23.33.22.78,TODO
www.tiktok.com,23.33.22.79,TODO
www.tiktok.com,23.33.22.76,TODO
www.reddit.com,151.101.1.140,TODO
www.reddit.com,151.101.65.140,TODO
www.reddit.com,151.101.129.140,TODO
www.reddit.com,151.101.193.140,TODO
www.tiktok.com,23.33.22.71,TODO
www.tiktok.com,23.33.22.85,TODO
www.tiktok.com,23.33.22.89,TODO
www.tiktok.com,23.33.22.73,TODO
www.tiktok.com,23.33.22.69,TODO
www.tiktok.com,23.33.22.91,TODO
edu.gcfglobal.org,104.22.53.248,TODO
edu.gcfglobal.org,172.67.28.132,TODO
edu.gcfglobal.org,104.22.52.248,TODO
www.canva.com,104.17.239.159,TODO
www.canva.com,104.16.224.149,TODO
www.webwise.ie,192.46.239.18,TODO
www.online-calculator.com,104.21.17.53,TODO
www.online-calculator.com,172.67.222.83,TODO
netschool.eduportal44.ru,46.61.139.219,TODO
sgo.tomedu.ru,212.164.138.60,TODO
sgo.tomedu.ru,212.164.138.70,TODO
online.prisbank.com,217.19.212.227,TODO
vsemrabota.ru,185.138.252.90,TODO
vsemrabota.ru,185.138.253.90,TODO
vsemrabota.ru,185.138.255.90,TODO
sberbankins.ru,91.215.42.245,TODO
pecom.ru,178.248.233.29,TODO
normativ.kontur.ru,46.17.203.33,TODO
kartinacanada.com,104.26.5.98,TODO
kartinacanada.com,104.26.4.98,TODO
kartinacanada.com,172.67.72.6,TODO
34gaz.ru,83.167.68.146,TODO
tv.meta.ua,104.22.65.144,TODO
tv.meta.ua,172.67.25.217,TODO
tv.meta.ua,104.22.64.144,TODO
soyuzmultfilm.fandom.com,199.232.208.194,TODO
soyuzmultfilm.fandom.com,199.232.212.194,TODO
www.sodra.lt,104.18.19.49,TODO
www.sodra.lt,104.18.18.49,TODO
www.amazon.com,162.219.225.118,TODO
region.obramur.ru,192.162.121.219,TODO
valberis.ru,31.31.205.163,TODO
sbbol.bps-sberbank.by,87.252.232.173,TODO
www.amazon.com,13.32.165.199,TODO
www.amazon.com,23.61.14.102,TODO
en.wikipedia.org,208.80.153.224,TODO
trudvsem.ru,178.248.238.65,TODO
www.rottentomatoes.com,23.65.3.169,TODO
okko.tv,185.169.155.118,TODO
premier.one,194.190.77.89,TODO
www.nccourts.gov,13.32.164.83,TODO
www.nccourts.gov,13.32.164.105,TODO
www.nccourts.gov,13.32.164.56,TODO
www.nccourts.gov,13.32.164.26,TODO
www.avatar.com,23.64.112.183,TODO
www.avatar.com,23.64.112.174,TODO
cheburashka.show,185.215.4.22,TODO
fontawesome.com,104.18.23.52,TODO
government.ru,95.173.136.162,TODO
government.ru,95.173.136.163,TODO
government.ru,95.173.136.168,TODO
www.linkedin.com,13.107.42.14,TODO
fontawesome.com,104.18.22.52,TODO
www.gismeteo.kz,217.151.230.128,TODO
www.gismeteo.kz,94.198.220.89,TODO
www.mintrud.gov.by,195.50.7.227,TODO
www.reuters.com,13.249.141.116,TODO
www.reuters.com,13.249.141.24,TODO
www.reuters.com,13.249.141.7,TODO
www.reuters.com,13.249.141.50,TODO
www.kremlin.ru,95.173.136.71,TODO
www.kremlin.ru,95.173.136.72,TODO
www.kremlin.ru,95.173.136.70,TODO
www.netflix.com,44.240.158.19,TODO
www.netflix.com,52.38.7.83,TODO
www.netflix.com,44.242.13.161,TODO
ru.pinterest.com,23.61.12.196,TODO
www.dnsperf.com,44.217.161.11,TODO
www.dnsperf.com,54.161.234.33,TODO
www.google.com,142.250.190.132,TODO
www.calculator.net,69.10.42.201,TODO
hr.urfu.ru,93.88.179.200,TODO
www.mk.ru,82.202.190.254,TODO
russian.rt.com,185.79.236.176,TODO
russian.rt.com,89.191.237.194,TODO
montezumacounty.org,192.163.197.32,TODO
elschool.ru,185.235.72.106,TODO
elschool.ru,185.235.72.125,TODO
tv.sb.by,93.85.84.202,TODO
login.dnevnik.ru,178.248.232.13,TODO
education.vk.company,95.163.50.180,TODO
xn--90aivcdt6dxbc.xn--p1ai,185.169.155.16,TODO
mlsp.gov.kg,195.38.166.154,TODO
web.telegram.org,149.154.167.99,TODO
dnevnik-lms.ru,92.53.104.26,TODO
sh-open.ris61edu.ru,46.61.230.60,TODO
schools.by,172.67.75.40,TODO
schools.by,104.26.2.16,TODO
schools.by,104.26.3.16,TODO
github.com,140.82.112.4,TODO
tlgrm.ru,104.21.46.234,TODO
tlgrm.ru,172.67.143.38,TODO
www.presstelegram.com,192.0.66.2,TODO
www.star-telegram.com,23.207.222.136,TODO
webogram.org,185.199.109.153,TODO
webogram.org,185.199.110.153,TODO
webogram.org,185.199.111.153,TODO
webogram.org,185.199.108.153,TODO
www.telegram.com,151.101.2.62,TODO
www.telegram.com,151.101.66.62,TODO
www.telegram.com,151.101.130.62,TODO
www.telegram.com,151.101.194.62,TODO
school.nso.ru,91.206.127.216,TODO
web.tlgrm.app,172.67.216.165,TODO
web.tlgrm.app,104.21.45.163,TODO
ngs.ru,195.19.220.25,TODO
dnevnik.egov66.ru,185.68.101.207,TODO
openai.com,13.107.213.51,TODO
openai.com,13.107.246.51,TODO
nsarchive2.gwu.edu,69.174.51.67,TODO
www.metacritic.com,199.232.208.194,TODO
www.metacritic.com,199.232.212.194,TODO
school.72to.ru,109.233.225.75,TODO
www.mos.ru,94.79.51.14,TODO
atomic.mundfish.com,172.67.75.53,TODO
atomic.mundfish.com,104.26.13.228,TODO
atomic.mundfish.com,104.26.12.228,TODO
www.digitaltrends.com,192.0.66.16,TODO
www.vtb.ru,195.242.83.13,TODO
www.businessinsider.com,151.101.1.171,TODO
www.businessinsider.com,151.101.65.171,TODO
www.businessinsider.com,151.101.129.171,TODO
www.businessinsider.com,151.101.193.171,TODO
www.wired.com,151.101.2.194,TODO
www.wired.com,151.101.66.194,TODO
www.wired.com,151.101.130.194,TODO
www.wired.com,151.101.194.194,TODO
www.zdnet.com,199.232.194.154,TODO
www.zdnet.com,199.232.198.154,TODO
writesonic.com,172.66.40.253,TODO
writesonic.com,172.66.43.3,TODO
e-school.obr.lenreg.ru,185.65.148.54,TODO
www.theverge.com,151.101.1.91,TODO
www.theverge.com,151.101.65.91,TODO
www.theverge.com,151.101.129.91,TODO
www.theverge.com,151.101.193.91,TODO
www.techtarget.com,104.18.36.196,TODO
www.techtarget.com,172.64.151.60,TODO
www.nytimes.com,151.101.1.164,TODO
www.nytimes.com,151.101.65.164,TODO
www.nytimes.com,151.101.129.164,TODO
www.nytimes.com,151.101.193.164,TODO
github.com,140.82.114.4,TODO
xn--80affa3aj0al.xn--80asehdb,116.203.68.214,TODO
www.theguardian.com,151.101.1.111,TODO
www.theguardian.com,151.101.65.111,TODO
www.theguardian.com,151.101.129.111,TODO
www.theguardian.com,151.101.193.111,TODO
writings.stephenwolfram.com,140.177.9.7,TODO
www.focus-entmt.com,193.19.211.24,TODO
www.yahoo.com,74.6.231.21,TODO
www.yahoo.com,74.6.231.20,TODO
www.yahoo.com,74.6.143.26,TODO
www.yahoo.com,74.6.143.25,TODO
www.ventusky.com,77.93.211.134,TODO
www.sciencefocus.com,18.154.185.44,TODO
www.sciencefocus.com,18.154.185.88,TODO
www.sciencefocus.com,18.154.185.71,TODO
www.sciencefocus.com,18.154.185.126,TODO
www.boxofficemojo.com,54.239.21.24,TODO
www.wunderground.com,23.65.10.229,TODO
www.xbox.com,23.61.12.59,TODO
www.windy.com,3.162.163.108,TODO
www.windy.com,3.162.163.5,TODO
www.windy.com,3.162.163.6,TODO
www.windy.com,3.162.163.13,TODO
sgo1.edu71.ru,212.12.13.77,TODO
flowers.ua,172.66.43.80,TODO
flowers.ua,172.66.40.176,TODO
bloomflowers.pl,172.67.147.164,TODO
bloomflowers.pl,104.21.47.124,TODO
www.yahoo.com,69.147.65.251,TODO
www.yahoo.com,69.147.65.252,TODO
www.google.ru,142.251.32.3,TODO
pogoda.by,195.50.7.118,TODO
kvitna.ua,51.15.121.43,TODO
trends.google.com,142.250.190.132,TODO
ads.google.com,172.217.0.174,TODO
earth.google.com,142.250.191.142,TODO
meet.google.com,142.250.191.238,TODO
flowersvalley.ru,185.93.108.117,TODO
about.google,216.239.32.29,TODO
scholar.google.com,142.250.190.132,TODO
assistant.google.com,142.250.191.142,TODO
sites.google.com,142.250.190.46,TODO
pozdravok.com,136.243.157.217,TODO
pozdravok.com,188.40.16.210,TODO
vikna.tv,104.26.12.215,TODO
vikna.tv,104.26.13.215,TODO
vikna.tv,172.67.75.246,TODO
www.rada.zp.ua,104.21.30.184,TODO
www.rada.zp.ua,172.67.173.132,TODO
t-loves.narod.ru,193.109.247.250,TODO
www.sberbank-ast.ru,193.104.207.65,TODO
market-flora.ru,79.133.175.141,TODO
wotpack.ru,172.67.74.228,TODO
wotpack.ru,104.26.8.30,TODO
wotpack.ru,104.26.9.30,TODO
dolinaroz.by,93.125.99.133,TODO
www.rbc.ua,172.67.70.231,TODO
www.rbc.ua,104.26.3.47,TODO
www.rbc.ua,104.26.2.47,TODO
www.unian.net,104.22.60.153,TODO
www.unian.net,172.67.38.10,TODO
www.unian.net,104.22.61.153,TODO
www.sbrf.ru,194.54.14.168,TODO
moreroz.by,93.125.99.125,TODO
www.pozdravuha.ru,172.67.185.66,TODO
www.pozdravuha.ru,104.21.19.54,TODO
almaty.tv,94.247.134.213,TODO
sumy.cx.ua,172.67.141.167,TODO
sumy.cx.ua,104.21.81.104,TODO
tsn.ua,195.137.240.105,TODO
tsn.ua,195.137.240.85,TODO
only.bible,88.198.133.212,TODO
novy.tv,172.67.72.119,TODO
novy.tv,104.26.15.13,TODO
novy.tv,104.26.14.13,TODO
moonzori.com,77.87.197.84,TODO
budilki.ru,104.21.72.110,TODO
budilki.ru,172.67.181.174,TODO
spbvedomosti.ru,194.58.97.125,TODO
1plus1.ua,195.137.240.80,TODO
1plus1.ua,195.137.240.100,TODO
store.steampowered.com,23.219.49.122,TODO
datki.net,85.193.87.130,TODO
sevimi.by,93.125.99.9,TODO
ufacity.info,81.30.200.43,TODO
artist.ru,193.107.238.15,TODO
www.pravmir.ru,77.247.244.118,TODO
1prof.by,178.172.160.69,TODO
www.tvtomsk.ru,185.169.155.176,TODO
skillbox.ru,178.248.237.96,TODO
ru.pinterest.com,151.101.0.84,TODO
ru.pinterest.com,151.101.64.84,TODO
ru.pinterest.com,151.101.128.84,TODO
ru.pinterest.com,151.101.192.84,TODO
sbermobile.ru,185.163.159.108,TODO
news.vtomske.ru,91.226.73.11,TODO
context.reverso.net,51.254.91.152,TODO
en.wiktionary.org,208.80.154.224,TODO
www.linguee.com,78.138.112.35,TODO
www.infullbroker.ru,46.19.64.104,TODO
www.un.org,18.172.134.47,TODO
www.un.org,18.172.134.8,TODO
www.un.org,18.172.134.17,TODO
www.un.org,18.172.134.18,TODO
sendpulse.com,3.126.148.16,TODO
alconost.com,151.101.1.195,TODO
alconost.com,151.101.65.195,TODO
sutochno.ru,104.26.15.182,TODO
sutochno.ru,104.26.14.182,TODO
sutochno.ru,172.67.74.40,TODO
www.business-class.su,89.223.121.96,TODO
www.eli.ru,185.126.95.68,TODO
xn--h1alcedd.xn--d1aqf.xn--p1ai,185.169.155.189,TODO
rabota.sber.ru,194.54.15.205,TODO
sberbank-ast.ru,193.104.207.65,TODO
kalendar.pp.ua,109.94.209.115,TODO
www.figma.com,13.225.214.101,TODO
www.figma.com,13.225.214.61,TODO
www.figma.com,13.225.214.78,TODO
www.figma.com,13.225.214.45,TODO
books.google.com,142.251.177.100,TODO
books.google.com,142.251.177.139,TODO
books.google.com,142.251.177.113,TODO
books.google.com,142.251.177.102,TODO
books.google.com,142.251.177.101,TODO
books.google.com,142.251.177.138,TODO
accounts.google.com,142.251.177.84,TODO
www.nbcnews.com,23.203.121.31,TODO
support.google.com,142.250.191.142,TODO
weather.com,23.60.79.91,TODO
mail.google.com,142.250.112.83,TODO
mail.google.com,142.250.112.19,TODO
mail.google.com,142.250.112.17,TODO
mail.google.com,142.250.112.18,TODO
www.icloud.com,23.2.88.186,TODO
mailchimp.com,23.66.178.247,TODO
www.sec.gov,23.2.94.209,TODO
www.golosameriki.com,23.2.89.65,TODO
www.irs.gov,23.8.72.171,TODO
cloud.google.com,142.251.176.100,TODO
cloud.google.com,142.251.176.101,TODO
cloud.google.com,142.251.176.139,TODO
cloud.google.com,142.251.176.113,TODO
cloud.google.com,142.251.176.138,TODO
cloud.google.com,142.251.176.102,TODO
aws.amazon.com,3.160.20.215,TODO
www.tiktok.com,23.33.22.84,TODO
www.tiktok.com,23.33.22.86,TODO
www.tiktok.com,23.33.22.88,TODO
www.tiktok.com,23.33.22.87,TODO
www.tiktok.com,23.33.22.83,TODO
www.youtube.com,142.250.111.190,TODO
www.youtube.com,142.250.112.190,TODO
accounts.google.com,142.251.166.84,TODO
books.google.com,142.250.176.206,TODO
www.amazon.com,18.154.187.207,TODO
www.avatar.com,23.38.108.10,TODO
www.avatar.com,23.38.108.32,TODO
www.nccourts.gov,18.238.25.128,TODO
www.nccourts.gov,18.238.25.67,TODO
www.nccourts.gov,18.238.25.101,TODO
www.nccourts.gov,18.238.25.88,TODO
books.google.com,142.250.191.110,TODO
www.netflix.com,18.189.65.196,TODO
www.netflix.com,3.12.3.40,TODO
www.netflix.com,3.137.95.47,TODO
www.dnsperf.com,44.219.53.183,TODO
www.google.com,142.250.112.105,TODO
www.google.com,142.250.112.99,TODO
www.google.com,142.250.112.106,TODO
www.google.com,142.250.112.147,TODO
www.google.com,142.250.112.103,TODO
www.google.com,142.250.112.104,TODO
russian.rt.com,178.176.128.128,TODO
www.vtb.ru,195.242.82.13,TODO
github.com,140.82.113.4,TODO
www.star-telegram.com,23.8.79.94,TODO
www.boxofficemojo.com,54.239.20.237,TODO
www.google.ru,142.251.177.94,TODO
ads.google.com,142.250.112.101,TODO
ads.google.com,142.250.112.139,TODO
ads.google.com,142.250.112.100,TODO
ads.google.com,142.250.112.138,TODO
ads.google.com,142.250.112.102,TODO
ads.google.com,142.250.112.113,TODO
meet.google.com,142.251.165.101,TODO
meet.google.com,142.251.165.100,TODO
meet.google.com,142.251.165.102,TODO
meet.google.com,142.251.165.113,TODO
meet.google.com,142.251.165.138,TODO
meet.google.com,142.251.165.139,TODO
trends.google.com,142.251.176.147,TODO
trends.google.com,142.251.176.104,TODO
trends.google.com,142.251.176.106,TODO
trends.google.com,142.251.176.99,TODO
trends.google.com,142.251.176.103,TODO
trends.google.com,142.251.176.105,TODO
scholar.google.com,142.250.123.103,TODO
scholar.google.com,142.250.123.147,TODO
scholar.google.com,142.250.123.105,TODO
scholar.google.com,142.250.123.104,TODO
scholar.google.com,142.250.123.106,TODO
scholar.google.com,142.250.123.99,TODO
assistant.google.com,142.251.166.138,TODO
assistant.google.com,142.251.166.113,TODO
assistant.google.com,142.251.166.139,TODO
assistant.google.com,142.251.166.101,TODO
assistant.google.com,142.251.166.100,TODO
assistant.google.com,142.251.166.102,TODO
sites.google.com,142.251.177.101,TODO
sites.google.com,142.251.177.138,TODO
sites.google.com,142.251.177.113,TODO
sites.google.com,142.251.177.102,TODO
sites.google.com,142.251.177.100,TODO
sites.google.com,142.251.177.139,TODO
earth.google.com,142.250.112.138,TODO
earth.google.com,142.250.112.100,TODO
earth.google.com,142.250.112.113,TODO
earth.google.com,142.250.112.139,TODO
earth.google.com,142.250.112.102,TODO
earth.google.com,142.250.112.101,TODO
www.un.org,18.164.116.42,TODO
www.un.org,18.164.116.76,TODO
www.un.org,18.164.116.94,TODO
www.un.org,18.164.116.93,TODO
developers.google.com,142.250.190.78,TODO
play.google.com,142.250.191.206,TODO
translate.google.com,142.250.190.142,TODO
chrome.google.com,142.250.190.142,TODO
support.google.com,172.217.4.206,TODO
books.google.ru,142.250.191.238,TODO
news.google.com,172.217.2.46,TODO
books.google.com,142.250.191.238,TODO
accounts.google.com,142.250.190.13,TODO
mail.google.com,172.217.5.5,TODO
cloud.google.com,142.251.32.14,TODO
earth.google.com,142.250.190.142,TODO
ads.google.com,142.250.191.238,TODO
meet.google.com,142.250.190.142,TODO
trends.google.com,172.217.5.4,TODO
assistant.google.com,142.250.191.238,TODO
scholar.google.com,142.250.191.132,TODO
sites.google.com,172.217.2.46,TODO
www.google.ru,142.250.190.131,TODO
